address,balance
0x959e2a4db1fA5d56B810759f2E6D80a01Eb9E892,537274074370
0xE66d55Cf5a621eDFf9374aA4865eB9f06A339C56,10143686225175
0x097A5DF71b3ada5936FECEDc6D7579E97d6e48a0,12498441545488
0x9C3ABFD8d827AD1907c4367a450f3235A2DBdc9c,2244797761624
0xD0453C1Cc9b69a106bB86bd0b8B784057632Db0C,2028737245029
0x483D65B84c3Ba64bde6e04cb04198EA60C7F88A2,202561263752
0xea74E048cCEcd7ADE98491Fe9683a686BeE73aEc,882906449034
0x29cb104d28915e89981dfa7A437CCbCDdDD9D4Bb,68390771548555
0x56af06B9DE44164A9Aa1971b57FF5d3ddfc3e9b6,7916335603848
0x3FB146D3392FcC4FF7fCFE1B87fbAC4b67645284,62383670281
0xff5A9C561F3E66fD1c234f7BDA763360f01c3f19,7557046237754
0xa81311e56630a9A21901415671A489A9985AC00E,2216924940617
0x42F24b1700aCEd807EEEEdfEE587e7b5C4249421,253592155623
0xb20f47653986e1689E55F97a5414BE2D749EA690,354217522977
0x74513150a7edF0c1A7e659940434343639774B20,6095797518583
0xAA4706e60f74596E1F00d70B59744Aa2b2268Bb0,8466601914300
0x6976e43CbC4a6FeF48fe36Cec90E072e0175A6E0,1572474238622
0xBC4F4beB16Bd5494DCc3c45650C9548DdE4f3075,21271310014197
0x272a041b36E4a9bB9393F035e1928fe0ED53fE17,101436862247
0x78341326373Cb60E2663578db73A5c7ea89CebB5,101436862247
0x9cf98e091a10e0Bb1C20B46fb9ba2B74F3Ed0D89,3828734365688
0xc21F96c48A6106b93Cb633EFE1AAfD28cAcF642F,7296460153691
0xccBcC956adee7896BC6c5aa87a6d09383edAcd55,1709362168430811
0x06BC2e436A605dccdFa98A9196ae1610014453C2,2030277056599
0xf29A7495045d047d1d47F0F731ef72535EF26540,10993321383395
0x7C35f329B87A0f026B68ab95fAD89cdb8ecC3511,6935948330186
0x82B55cC0C7334b15E146E4640D7054Ccd4a87f96,2059251481932
0x4b2b7deA3DF8E5c0577D43EF82695A9EceaC2aaa,85834858464
0xc263a68fcC7207060236b2F07C20FE1ec547339A,507184311253
0x2A562FE35Ef56c3B04bFea13177f9992011Fd122,0
0xd245d6EC29e503AD1075FC1A0A78E847c394e1ac,10143686225175
0x1A1d5183738A711C24510bF3e833bCb8956f7CC6,40884292186642
0x58eeDBAe12e5000de5d4500C07E6032eDaa2C8A6,18044706699253
0x46Ba0a8F9E3b19E7184cd13fFcE2cD2cD485Fdf4,54471595023
0x1AeeC3841C7DceE6F8912afd76db2fFF77245FDd,51732799748416
0x3243a6918df7465ad03dE3a0Ae50137c6afDbD5c,10143686225175
0x3081F46809f9e00EAe53eB7C2982DC73dAA7CC2C,284226088024
0x3F0627532929063Da3F60C13e8548FE05f798653,7615505315838
0xe6C548A3D94ACf8094DF5298bec9B9DBE3925a82,4798267895092
0xe43bD38BdE51A3326C4D684988e54A2aB50e2Cf2,3448853316555
0xD4853c379b2A94EDbEf4e8371B60CCc21a2DA98e,110623279271195
0x978A16501c40Ca0472648d57cE45a94acf63f014,13890800767605
0xf9b796Ab402aa50e4C4D9ac18609AFbC0B29E64d,4067922486878
0x1ebcA79cCb2ba4f0Cf1AFDB2e18bC0Cc0ef6c162,1014368622511
0xB6A14063d25D67b7f9efAeAE643947616560f174,7123463411644
0x0e05Fc644943Aae89DD3FEc282C3f86431A7D090,100000000000000
0x3B5558391AA9e5ba4Ec6ddC2B02B208a55557895,1865255032124
0x880Cc45018F14b2b06F591a6f0931Ce3A2E4c3dE,3380560949045
0x1102Cc16725D774211Eb70BA2E6De8CBD7DE8526,3177002525721
0xB9b14C4d0cbc18FC5f54701D578e85968cf19FD5,101465873194404
0x233B0986FB41A3FF7369BF0376bC697a35027507,2253213978088
0xdaf578Ef9c3b649aEb60490C7b3f58bDFE09272c,20183370978219
0x9CC2B13cd642F14B1baefd2180573ebb1E6fA232,3727804687747
0xcBFa4302d95bd4D47357FAC129dd3A3Dbd1BAD03,2907687656442
0x532a079cEbD9eA16E34aE58b824BDbc39A24007A,973793877611
0x3F5cB72d0aDca9f64bB79Dc714c6F949617c28AE,40760784025530
0x4c64b07DD7A4a970bE70d9F9c726Fd1C26Fd056e,19957695538964
0x152514b1a7cE5C4322133bBb7bee27127E82D722,50718431119
0xa959daa257987dC22e8329d52d95865e3947B419,115349628565707
0xf9EeFdb0738147bEF77E3b8998Fd8B96618552F0,1094127412933
0x9cd3D765247931ea839B99f9F1448F9cf89e8835,515096386509
0x48683DA0B284B772ce80088255bCcF0792e02B77,10143686225175
0x25798c95AD7A6c4C95757789639353DA77ded5E7,101689221949552
0x6e238FB4C9fe4D1185e262692032FE716A4527ca,23066903760666
0x514bcB0C37e1CC4F7822d9e95EBAA6BE41D7c652,10116211465488
0x605AbcEeB510b489CaC9dEB7DE810d8E9536B7E5,497040625026
0x39a9eA14afAe8a7c9921955738FE5eF6f5e3a24E,6015101970711
0xB2937626152956D7B5bfFFD4a22d021C8592d6bE,1927300382779
0xde7ca1DBC26C5Ff2842f873e32983977de43107e,1624495119059
0x55Ae06cd3AB1B9b90aAA8A268CC80aFF5C591856,933686756645
0xC479E23Bc72cb3999B67751eBf7DeC569Db6ddab,50718431119
0xfCAc8D500Afa7454B4ED9610c99B5976eaf9FF77,857141486022
0x9C8A960c22aaD0E061AD4f64273f665C863Eb6EC,859192455900
0x6faC941a53C4860C0Fe117E621e51488C6fA17A9,1074989898687
0xe173481Dc41af0Cc660fA5bF3EC9074bEa48d972,1012847069578
0x5B7AA3795D8698A6c6525C14127d324888b99850,1015482399258
0x023cdf122707b62c5Cf129f21DF5510d434618e4,13342038599562
0x04B9911f285aE2eB424CDCb825d2E1433b99FdD3,6545506689324
0xD89aBF2fb206F582F897d122dE4F86C20968415b,15416296189938
0xFB9e8dBd48A3779Ce241D103C7ccE36573e4F128,6556039771762
0x6B5913555E4e169583Ac5eb43dF81AED5a96249D,26170710460961
0xFB1B841662268C71EfC81e37Cf43C05F82d49175,4470513220732
0x42D90aaB6e524b8f0E699D984ecb9C6a395aC1f4,3410730300615
0xAB0fa8f2c87945e1265935577E577F92018b81Da,7235305754959
0x467Ae54E2d6C61Ae06966473a74a03125Bf5987E,2979809265503
0x6E54D395b376cb491C2fcA1488B38dc5A5DA14f5,11123319822952
0xdfb91F19312914495F19401fF806ef5f4DCa3756,2170550035932
0xb7d672703E7987715912A0784Be91B27D1098C89,3767408806845
0xe88BECC846381a234F50231c4eEe0Eba7D738efc,913743255159
0x5Dab1DbbFc60d7Ae50D1A7051EDaEfF280BdFf92,246795885851
0xF641ecE2f5EF56531478Da4964EA862244A69341,2562700887925
0xa5636DCB49d52323307c11DF46C2a6D78B950975,66213927752000
0x9021D5f92205975E964F7c6291D4767D310f7f84,5531920539302
0x0F8128C4Bd22d47A0E4988C30f2395dc1Bb16b61,1014368622511
0x883580F8A2B23E452Ca61B8Ab7E7065099B01541,2392628801566
0x2e3A11a5ffd8B6a42D694d10216fE5b19cf934B3,1300474335599
0xE9E64D42eE717Fc15Bd49341b7502F54ae8b2Af0,8871616239738
0x59ebb1DA6Fc3de22ffB45e8D25eAC7D5F4B0C668,3167143063721
0x4Ee5e0E66F1Bb573c82Bb48fda43A449390fFA73,1974062776278
0x2314D799708776e2D6A7D59CDA1055f8D3113B95,40574744900717
0xbade964134a814975D670E6b21831f4563b23C3C,35359174237597
0x2aaC0209593f8089939e6A1EB51df484cF7b5718,11158054847692
0x28Cc258890B7E26BC319b160118688E0Ca8d78cC,101436862247
0xFd3d068853c494204b024A98624926Ac67e3804B,9626277078202
0x984cf302fd7Ccd66EB7feAd42cF14E0F69a16C38,556584063171
0xf78eF100DD63F62cDC0BA7324B43aB7074e8262F,16258413242550
0x69673243d1fD077f2635694dd6E4911fAC9123B7,2738795280792
0x7c1d49d3ddfF373127d6f7E7C5613138b3bF5781,1188356966961
0x1c278681A441C87c0BAcCcDFc84dc4338c67E2a8,5575621079968
0x2FEF46e14c09005D77c9b9af6D5257C9Fb3F8E0f,48236985975765
0x755bCc1e56BDf7B81df505A5e933B9f6FAee8c98,5746930790086
0xcdBA57A9741fb99EBA5e71d96c29327cE5258103,528500253486
0xf7200f7a475b53446A10421DEa95299fA9319A85,1917055259691
0x74C1B1149df0cD5164B5EEE6C28a0B401883EB48,3727804687747
0x5343B9A0c93724c58ED027D2519cD1714aA2709E,609451941407
0xD5B0c466064b8F9c1A358f1a86498371F6cc5747,816668177984
0x1C03C76B01cABb6Ec35c684Cc9a8e65B5490b9F9,2028737245029
0xFb0137b90447400bc73372b18cE3fF0F341F18f0,11498038750166
0xFd99ae192029422B4B9FFAaB8895686835121C8f,11377838928475
0xe37fe91400d71142AE087e53D13D23B538331d56,862517639721
0xC751C07A3a55376A29Ddff55119f03a6dAB31779,3713714070853
0x91d415808f5CdD4BF75140608dfc5FCa6AeCAEE0,35003167000032
0xE0D7acD1EEd0aC33717A6785BaD9E62c9CB5D218,357468574414
0xeB57A47f0E6376e374cAf2289a78C11A4Ec6dc7b,0
0xB12c29cA9a529fB666C7bCC483121b5aa4CE5617,20512713425479
0xef512fA978e5b1070c4Edf0ff5c09ac1C9F63485,3768499141059
0xb2569969B165Cb4B6cb39D653945D07e6E6c90e3,5112888994011
0x9ecc0f3f10F1D48FF3EAD928171FeC3068434450,89967200806
0xEcf76E6901832b280502Aa051b60536d0368Dd39,0
0xaC4F3Bd9CBb208F6b59e19ef1e1654076B280168,7364772799913
0x2557E60cb91DAf022E9fd9a1E8f013b209603f39,5403836507421
0x57cd327b02A84f99c29d9EFa1c9Fd46C529F069C,0
0x4e1fCE5913448CBA1A55cD533e6eeAb16EEd716D,3179024048106
0x1754d7ff3B96D305FA55240906A042AD942faDCa,101265379164508
0x8Ed6010Ba577F715690A4398856aBB4f50E682FB,4324432701222
0xEfDfac598bfbA1F6Ba996590873F0050A979399C,2697444111456
0x2efba4Ccd1AEe02c9f37467Ac281465d688e6469,214459819990
0x994468A19Ba4264BEdB78961Dcf2f598d2c1C612,10129069550924
0xe13E91FC906a198CAddD26651540e81320502eDd,1775132234010
0x98F94BC711161206CE6519CE57Bd5643DAe7bD95,60683278458
0x92Faf283Ff5Bca05673411091D922a054A959900,2232901610571
0x0F9738EC43280f3fA0e37D147fd97204039c9CaF,7378803845889
0x73DF3559f3224F85258c160d3e17BDb9D6288ff4,857732951325
0x5530264E0c78DF837c37909014b6f4729376d0d5,5549349687035
0x72B69Ad1C3Efc31F6B9A5f6A6dce66982B69688E,4105960746904
0x1CE18d9334bBBbbF1ed96C6e69829F21b328b4B5,5032034664671
0x177fF2E0627C09AdE461600012a8AA6495AB70C4,574086598978
0x778B019447806c11A6FDDF3eEA8bc368CD2aC1db,8300214026950
0x0296613b27a5Ac5cA8b6f9762d9054ac32163927,1377740799873
0x72e8Abc0bCe2b0F7A2750Fd495eEF7B3A82CF3ea,10878028295226
0x832D2fEce0d7579FD15999901Ac26880B48f1A38,1011145889070
0x612Cd9591AA0abfE5fB02B02FbF21CD25A9f8787,3097487190110
0x4413aa63b6bf512E0b8BF516910a07d87cd67d82,45707951662722
0x5A69C3EdA67953Fc79E45abBdAe98224B85cb17F,6717956362678
0x8eB20C232ea73eF04D9611E722Dba8Ac7cE2B889,2175181357104
0xb2c8A171ce947431D64E53cF054b5D522A59B486,201821900670
0xf9303877F107F5cd2cB0654b6d7A6D749FA03856,9013524058126
0x9FF1cFAD4Eef2Caf3A3fC580546168B8008c6bcE,1646091962049
0xcA616B5cCA1116BE0cAF58Aa4091C645f6041279,88847205711
0x4FB3BCC6bFb95dCF8189C55E73ffd94E0c21F0eD,538934347907
0x562c934680661FcdCBD5A62f2a2DeE97E12A1ad0,6064325838644
0x26d269cb1767057B3fb9Dc670978fba1f465Fb68,3882870078645
0x551CcFB52b9Bf9E6AB8fE3c8Bb327FC93114A7Ea,208859844522
0x30Be274AD672aF85dEBd2d5bb380EF79B8629200,64254937754422
0xdb52Bf5635d35C5639D12d4B94fEDDf4787ac556,4784427288095
0x7a9858092d524Ee265ed120E5669719D4b66f624,85818085822883
0x4DfA40d7a1cCb588985Cf077e6022D33DF8A6d4F,189065197065379
0x394025ff5fb1C6b140eEef4587898d2D51CB807b,48933152723734
0xC00E5Aa9D107A6cA95B75ae3225642Ba4e15A86A,36193360432564
0x18767775b39A2c46d739DDF9D92273A65ad1f819,19235257506917
0x2Ffbc532dc374b690F6af9A0D04F04f196EeC2A3,1745181215516
0xdFB2c1c4e92Fa96e4c970aAbC003090BEdDa2B5d,2973057404311
0xF963f1BF1ddaa4AEDd0306b8B4c30e08BF456CF5,138708296567
0xD271f8C532c76B9A0970Bb7F9f7Ff2b5F9CACEda,727679058315
0x1ff29C73dda1DDf6981b9B12fd9FdeD56C7e3478,1143413607838
0x2Ec6e29597A99cD52aA8dE3A3CE357Edf1F73A72,2364452279813
0x9c2F87CAb8722861903d30a60d9dA6E0CC98ab77,358773196641
0xF073138977bAe3846852dC1914D33345b6b19C95,3434895742457
0x89C5dca00B9bf5AD746b91EC911c56Cb4AEE17F0,3716321755391
0xeE69208C972F1F5c541751112AeF5c9AAC284Fc4,5144771680030
0x18801642B93E60f5DF2dc6346170C44CDd1cd483,1036084213055
0xF19E587C34324A53B8Afa5454DdcE317219dD81A,343822965120
0x378098b677178042f12ac632271D5af4F7cB8eB0,30438444853714
0x4A438a8969D4283eD63ad2e1f1B5a3218B0b741f,1519293008241
0x8F08EE5e3E44bdC28127e050FCB13F5E4671433d,250282893726
0x325a27109D4Db1b372c682714dfdcf89f4795eED,293734026564
0x5383504166d15A8056A4D26A1D461033bFe03CfF,8029226917478
0xa87CaB3133B69861ca4Fe0499B332285dB29c6ac,3648062784375
0x159D60e881a2E8170660210319746c9e30d1d423,107596363199
0x2e24623451945D678dB4BFAf9dBDDB2bBb40A8aB,707870810547
0x895D722992d4344F054787B00BF00c74EF17a59A,1179265241905
0xB6da110659ef762a381cf2D6F601Eb19b5f5d51e,3337105249737
0xB07F764A7732Bc405FAA5A24654574A96EAEDd9E,250205027938
0xA8C0549bAb234C01471Cf95F0Fb70a469Bf32E4f,2146268342564
0xEA49224bEB66C3D3f8F0552EC2Cb6dC94Ebe8175,101124401502
0xCC298D2D64118C7B59A1385918982DdF91F7f81c,7064752938102
0xD6A7bBf780E3235ecD85f2cde67C22Cc40e64Ec3,473781978473
0x56F99B36928E17548FB8793910Ce09F9B7fa1dca,13668262312277
0x12fA30AB0d606dcacb45F4a0FF1DDA6300e72584,1463067841005
0xF8De871384a000226b2996F954fec203fa857450,6115430088136
0x85D692F4F6C88925B48E64379f3c2Fe245a19F04,2993282284612
0x77A6B981f8Be856E1670bE732Df657350d8Ff0e3,10112440150732
0x7e650232CBFDE31a80c0220700AD688Fa5A16634,808995212053
0x8B2a8467D0b1aC6518Fa13fe9fF0479963e88997,19029454708698
0x08191F5194B0daC0a9cdE8fe87d3aA3116d8dEf4,15932207265339
0xF6F9Ab18F9761aC82045969BEAAeef73Cb38346d,1314617219592
0x354fd78293475A1644f36ED6a7458E3C12F11699,521545059504
0xcD946dC540B0533B9e8Ce925aF554364a4CC278b,11520663172583
0xc7e33D1D07A4A9ad8A71A31C0442a92c2e32Bbfc,3982320041498
0xFA83E590663429ED9f8Db6bBfB93D718A5357557,10375693260200
0xdDE8fCb76e0796B6D2F2fFA450573f02BB32FF4c,110902119882
0x78125b3e785d957e6a14Dc11F1E5f8D66cB312f2,5150268802497
0xF76A5ab93c93ECEBFea72CF19C5709de3D31d337,46103861406578
0xB88fc541762E4AD9fe90178Dd488BD91Ad4e6290,10791086009247
0x75B0cbd816c2E573beaCcDB39340fa377C94aa23,12388345931057
0xc787E5C727cbc9cCe4888EB1c92d5f8f8966B824,0
0x8eD30ccDddA87aB9BcC3211A5f32b206Ac8d57b3,3751209673912
0xa12a1AF2b20e8aAC7BF7D596E880099458695dEC,259889711869
0xE2961BB95b18D512830d68cC735C00BBC2b96D04,209327511114
0x2b468e7950e79865E3857D472aF9F3fd997eb56D,2928829966200
0xa9531D3B5483bef6FaE3B4Be62Ccd83697aB92b1,100000000000000
0xd2bA2d7a4785189a465F3C6eC8ea062138443583,252485341910
0x8bCE57b7B84218397FFB6ceFaE99F4792Ee8161d,149471322409
0xA3B3822763EA291937c35a92C54e07fb898b9883,4147171725131
0x6D26D2B84CB2c7d8866Ff694eFc41Ef1Ed4c242a,1009537391105
0x2ec2298da8a3245A83b6A4D14CA515bB283738E4,11778389693279
0x9586E3003FEe3D0f86b1efeA3Dad7a492a9867F3,1868485454706
0xf430cf53338128fFe0Ca14dF3650f2cf633cc43C,4067530034814
0x0409c51200e5D87790a87F4565434e6Cd8DF9E9E,5528498604668
0x87654fe64bE3932Eb7A9a6271be1C8D3fA8F3d05,294757447793
0x432Cc648adC641FC9d68426c23A5b85109444093,680740879451
0x3e078e57ce8650c1f31E02e1733d69BAc0477918,6564618889762
0x7d6a6E4Fd649c50852ec65b2A9D0B3C8FBF8C582,9089472308903
0xEB1627D28aAD20106088B9e8aee89A9CAE875d69,1060438436035
0xbc005D2ccCbaC9649EaA15C12C4a4235eD99dd02,2718037023823
0xaEcaeA22Cd213f0DF786AF9F8b7d2f651AF84D3C,25248534191406
0x63Dbf00C99EaD0635FF5aDf2fd2f1F7F2141fc7C,31438101630519
0xCA5af366E5114AB52384f49D815c4E02B4904d11,2019882735307
0x9ff0ff503e392Fe86087Ea27E1eD94958FE9C4BA,6600000000000
0xC1D54F99AE45bdaAC3216A620d0F9eB8398A55Ac,9796431266262
0x07DCD1919501e0dfcAb68fE9fF98676eC4F3407c,10844952394163
0x9CB6247bF9e22da514b1b32aCAE28C560C73d848,2460325190524
0x367ca8ABD3E02A1C28ACA26b3825d2FAF7E78f6d,151491205143
0x0bB584b254647a92bdeaC391a5337EC62b8120DB,224509966025
0x52DB8CFFbb2005e5506B389DaFF2473683577Bbb,35648152659363
0x180699fbF0862Ffb1FA1f352814F1A2Ad74FB818,5043045829338
0xF5D4292b763CF462C1255fe513517023d2f4237E,50430458289
0xad6FecA9Fa561Af1B5D6A7c4baa1e8a5cE4E4c84,3851148241263
0x3A7eC527866Ef15F26d5faAedb062b4F2F7349BC,1008609165865
0x37e00c11FAbA3a54446daa1F2069594d6Dd1b2Ed,7335963878553
0x87F999f8946DdAC097ABab040559Cb1a04d72aD2,3971124714513
0x24711504BcD035aEe04ad617B68ec9B2d0da3fcB,889105523346
0x672E1AcF64DE8836341ba7c2d7d0007ed854037F,119750163772906
0x20D605B43aFDcd45eC32Bd7b96a5Dfc7353eF078,2935657838174
0x3428Dfb3bDd9DBc968C717b59947E173F1aA5CdC,20646229625324
0x75339175122167eb4cd3CE6695b704eA140C8420,67173370443
0x045183EC4BAfd6bD9709e3b8f8dffB89Efe6C440,1547609904104
0xA5EbB30f3f2ea8C23F7dC03A6346d39b19a59B51,499643799974
0x8056EA4ACB65c97447257cb5B7D34CAdAa1244B5,4066584063413
0x0476f3ee277EB20568Ee2369b337F3ce55bc558A,5530809221952
0xb809C177b40D29f68e802D95E5D16AeBDE6a8e34,1006289364782
0xf89c5A97Eb42d5cB380be7A491Bc347835C659E1,19779169562262
0xcCFd3400956cabb3d229658a89076E8e595af346,1415343172133
0x07D12DA487D6Ede0595fF3BFA5c48aA984ff3457,1047584737530
0xf621DB216ef77F4718feBa41054ceB956a4B22aa,4534800610393
0x0a3D728b053e08a26Cdd8Bd25AE2C969689765F8,3950497182857
0x44D0c6f4c36A19C663Ab1127C4DB3aD7d80c744b,10060763175091
0x8a83716acd66D9e1fb18c9b79540B72E04f80aC0,7638802378617
0x41103Dd6015DfC98684A3E885A10aA467a4f3440,3718610875362
0x770776A54560FF7a7beF242593DeAbC835A510a5,22870212836064
0x488c7d7AeFAcD1AB6Ee6cc4D438531F75B2db9ae,518022676194
0xDecd4b961B1984c44AFbADbE2844777A627572aA,2084643854471
0x98Cb86A31cdbB9caeFfb7c5e993f4D391a213D7a,3706638684563
0x3Db06F4cB7A131F4Aff086396b6054fB635e9EB8,20174390154222
0xD1d9e4c9c550B5904C21A414e2B66321C1696CA4,2066060230591
0x668581Bb4632568b3e26D5cA9a3D1fE2Be9eA189,10096177750339
0x4AdA1B9D9fe28aBd9585f58cfEeD2169A39e1c6b,1480840800301
0x28C4fc1146f5907aD2087682CB614d9Ea8f52c5A,2495530997589
0xAb9E9e191BcaD4ef94137102BEF0A719D2Fecc52,10235314731145
0xf9eE37A07A43089BD6E72998b6F5c5d45B3a99B9,7559941356347
0x3F3a8d9e26F4242a019E9FaC1acB64c765ACffAF,1007374694079
0x42f367B196EC95B33897eC237FF7F4E4cF3A0101,4100000000000
0x4BcDB0E6044eadC4C9C63187cfD8B57849c1E48D,2357555708319
0x8D1938E5241B25eA0E7bBA6B2Cf95512094a2113,586140174789
0xF9C7E70E465eb0CcbBAd94528C40D026D1E558cd,0
0xed6cf22b8b9A43EAf3FaDD09F62Ae65DE6296da0,1149213051007
0x0ff546aB272053D361A565Ae8aD4f1936ef01274,388544419503
0x2Fd2349E6fd28c09a456F82830F5c6Bfc815c216,533122835600
0xaBA5aB6BD3D21DDBaBffD7a14C5517F49De47850,3702102000755
0x179eF706331dE3C7D56C49628E60dCAe0183425e,4874686144669
0x15f81199Ec6De74FaB11DA135d6BC52180A43bD7,1107646756381
0x40f0070E3581981EBeCF14A3ce3942FC663B567E,18179267071626
0x6Bb0b9FDA26418af2831FF3a26049e9F7Ce37A47,991977979256
0xD30F732451c0c5Cc3Ae58197F25e0AE87D268C37,15608254636442
0xa0C7bbe55134d2EEFea000079D21263bD0825803,2520375638670
0x391Bf6fDc433E8458CB67DEbd5874F677F4b4952,21100787543988
0x58AA74c4D665496B8bd426168f65788C213ffd42,1067943097561
0xb7B79C5ed9C2E7d61272a0d617Dcc8CD30552418,4808551955863
0x804E32F11dBfa0Ce2af02681dcECEFE764dcCc77,2386974337628
0x8c89DF86AC8b687cb01672e31802b23a5b297B11,11894739895091
0x99496a4C0426e3dC0Eeda7F28298774DbeCF815a,201474938813
0x532971A55624B015A58f7d86B5f42e171961B4C0,5096409314836
0xB6fAD8275F6074A4F3C01F4f89BAD4Ce0f5F1f0f,29868553221683
0x38Da9f17EE6A883485A13B6291E445B9EdaEa672,10073746940835
0x7C60F1527c720b0C83848d0215296fB638046bDd,360768077066
0x341B253B3AF56fD5339C55762E3E18b1C490e530,740420400148
0x0DE78628D346624800A4016db17DD7aEb957BA75,2019987736573
0xb3574b8F820179E39B559664b2BC9c19e7808039,2663949394367
0x2E9907F18028b534b4dae69b21B3157f5bd41D69,2014749388164
0x1aDB5ca135cCDEd17508a409B1b777c9d00c5c59,3626548898697
0x3483A0282281768E2883c443989194259CBA7EAF,377237645939
0xE76064237ef5E9C0aaEb35f4E5487456010977cC,475783068013
0xd6fc345D0F419514ABF9b0672496B2FD36722526,2374986578769
0x85cF746d3b613ea225A5721807D2B4E94138557d,2014749388164
0x4Ed4c7b8E12854bfaD00a6829905137a6eDE5796,11872896141987
0xd473CC7C057df03F48f1F52166FFa8a9cC5B6387,30294064946520
0x0DF2Dad9796F5f42Ca74F0c83e1CF7D87995dC53,6346460572725
0x22E8Ce18d2D1155Bf65730476D2a8B87ffa69394,229415827750
0xbC4485554825b3Ef94700E179D9E8A98540887A1,14145705553151
0x5f89E7722CCb4510050a1578D81Ea86B6C9F2838,2316961796390
0x1349FbB566900eBaB17348b73a8Cfb8f69C2ef9B,16084388902251
0xb39778f7bBFE76E3013FCdB7027453063e44F14a,9092463251328
0x517e68F8f2083a615556456841Fc69F5c66ebff6,872789434951
0x4b88fe433A3Bee09fe3dEa43F3BfEB48B0012d94,2134728148503
0x494835737491831bB9a74a8241A4bF6f5708C6cE,4221302918086
0x3f05CC197c18244726cf2028570CdBc163c2cf83,82488102153909
0x125Ba4D5b2a771B0d1dE32Fb1d40467fe3916f64,3015401736168
0x7ef890BB009CCE76F8B798B49C2F51e01e81a3aE,856268489968
0x41AB3eB05DC55472918768Ed30afaF4A64319F1A,931821592024
0x15ccF4d0B22eaBe3102f69351cd9C3D61b3ab018,54841478341
0x214405AFfC93f8b7559905f1b4b90385B1497a78,271522738165
0x960BaA76F443aD6a541A77c76aF94A426eb04b22,2014749388164
0xD889B38535f5a8AF194fa1cA43373db6D3D65Aaa,2554198536847
0xc271FA9b1Afb3b9d4Dd0e5eeabA92C97BA3E2B1E,197040475410
0xFdBBe3CBF8f662De2ADF9000569d40b348C89ae4,2640109710203
0x764ef1CDa89af77c4458eA1b70Fc65c48F3f7954,68536032149702
0x477028BaDABeD2965966c7E5d47f174b912e8817,1989803768614
0x68a070E0Ae56283d80aAAd05b2d309597Ea4373F,1914011918756
0xa15837cbd4c9C401C786b0Bde837DCf259AFf472,0
0xCFBd2983f78c70B37632C4c8036fdD9553f258A3,1153645499660
0x07C691CeAf5565F1Cea993d81c9D1339e30752CE,1112040924795
0x540a6330340B71378540d0a65AD8Cb3e5962B363,100737469405
0xf677d33Dc552cF8f17051077Ee95e7c6369E67B3,49755615403620
0x7f40401cF51014909319B679b346F98e115E3c6a,293146035975
0x2abe7fA481Fd463c6B89A4c7891C369Db04a0a5f,3814555453710
0x477Fa2177B05A63B2C1246D054672DEfa36cc995,1712536979940
0x253d1fdc173f9E1fB123638CDD7E653544A45182,60376448277807
0x07DFDf8c15cD738d0d85830127646FB6B2e4CadD,8436052538082
0x853BfdC86db617e64E9FC16fBde189b3a8E0e6FF,580016406496
0x79Fc5228590e0Fc764388A5a0b96185D828cC23B,10047522318578
0x3d8b21EF160cCdDB51B8AfC56D6392b5B2ca70f5,2016841018369
0x4CB8b83041Eb074A0EecD39c3e7dD60F686a1851,465120026735
0x4A5E727AdACded1CDb4310B18831Be8d7D4ae8e1,160173568816
0x802Fd0a8bFC0C7CAc13359E759eBd4Bf449EA25b,473159618524
0xf69E72BEf97cf9256F09EeAEC51B0Ad266bd9203,10565878327974
0xD8F4BbB43850bf026974d721130BAFBbf66b94F6,9660231614147
0xAd060BbC1F63ADdB9278B7227e82C90D9540C466,840519077037
0xB8b58B248e975A76d147404454F6aA07d2A4E3e2,4235530308760
0xba5BCCa0E281B4cfC542eDD9f0B1Ce246Fa54Afc,553450769558
0x60Fbc11b2dAFE4D81a2dE86Bb01C5FC987Ed7Bb7,503137063235
0x4E4f5c8D3F792d2c4DCF94648CA6154f72aa80f9,91292207574
0x1F766D64ccB4b7e63A6cF347C5FF859A8697F6dD,0
0x7dcD4a874f91b3B80d9F236eE89Ef7371A010ed2,17811052038586
0x6F5325CcfDfcFa86708b8A806AF406E25cf5f8b4,2411080607191
0xd65DE9cb38a64cf76594D0B65e3C5D333695f4DE,8163065731799
0xb97C274a0e18B04E2154d970E6eDAA014D0a15b6,60250965058958
0x4AC1F48001b2D47c569908c9468819D42F9aDD33,913773383668
0xE1A09517b90Ba7ecE6EEe21af1C0Ad4A73C3Ca52,2208771707607
0x8A34192D746d44E49953beb6D20A9671F0624A9d,2902311111627
0x5cE9e731311a6b9A9BF26efB5Ff425750FEAcC13,143944037115000
0xd2a8194F53ea19819d3769f76AF92bCfb9A01628,361453666226
0xB6B29a97650091f6B500b38E7844991df3056459,764768336117
0x54cbDab6a0D6694d6cf810c1e9eb5f9482412E1D,13543752394369
0xAef85974f6898c1D129bEF2529Cd64A76DefC471,399208798414
0xfE3099aa61B1D41604608AE0730fAAE0983EAcBE,798579146766
0x2068046C907B21067000F08FcC53260cF0035b52,1658339760426
0x5f919f55fa6060831D1298716725fD399bB96e24,12399611668649
0x14949e8feEB076EC7fD7C8F4Ae88f013e05E1692,1509411189708
0x4924F481020f92E181E2AB9446803240B216074a,10062741264737
0x78165B1aBc458dBCCe42BB3E3bf2952705665FBA,3615140426768
0xAF32d4E63CA8733C7BEED441C9d40b5b741CeeD8,97328846058
0x2DCEA9dCF0E78BDae73CFBa947845a67893f0032,10354173404422
0x16d2f86f30945BeD4042593cbBA1eC413cc11e3D,503137063235
0x3b6bE80180b41AC85941074D3AfC25E93239D6A3,905646713823
0x32A8C63769DFb0bB5E166AD8e7F65D302F577e41,1029217176554
0x088a2DAAe1312e9EFDFe4eAAe399Ba74e49B8163,2775203413400
0x98959BEA6513449846c01783F25A419DfA113030,139572233888
0x24678D46062a2245FD0126f87D7C37CD279E6129,4029259478014
0x43f7F0EB4D165bCD42864679F4b7eaA2668867AE,62421196610
0xc4CE1BbbE4F26D3A09bf86a01aEF9F5882488E35,738658612686
0xF00B08BE91454a70EcC12c30d09725c0C7555Dd6,1504237387354
0x43eC2e5A418014950C0297c02d9535EDAb362AE0,4079054937103
0xd8610fF9cF6A2fCbf6C4C79443eb8cD6cF66B645,10447471005915
0x20A7f76EA94747b9Bbe719b88B4A9Fabdf09458a,7055001988544
0x2196B9Fe1117df9324108d82DfFC849492C23C14,1413215408314
0x81D68b84E65105E8F54020F89a55fD127ed71A84,100627412644
0x10e3702234bf71Da1F436a55E439e4a756E9F5c4,1599472724028
0xA5338884D6051ED09AC906ae536c9f29196b0D5D,1807566188285
0xcC427394304b6526dd7c9670f882aCFa40E2dE8F,9834115783204
0xc91F72dF98c2f6a3E9fa60f0B905C499c32A439b,0
0x5701068cA0bA0338a5B64e8F59d5ae661e9eCfc0,101332810807
0x95E8529DB693260Cf8D621A1B8Fb19a48c5fa47d,1044349526869
0x7171Aec0bc42f0507191897299Eda8C3d00ADb23,7619583156217
0x6C97F4C8378078b9E2a42d87Bb60AB3C3Cce22F7,10869248845350
0x41CB174556eD3B029ac84754301Cdc5e8C0D224F,1182621545666
0xaa59B126511b33d39718b06A38c7C6E2Cd8041Ec,171542569160
0x0EeED06c6cD240007d0751F022952d987d774E17,1106901539119
0x43720ba44eA87de9AC52697e7bc7F0E032d0d9B6,2724175954834
0x7f126D8d6faE18251BfA4219FeAD5d6a5AB36691,3895205532659
0xFc51a4bCf7b8Ad1e22FD34Fbf083A902c5Db70e5,10744995122486
0x76d1f4b544Feb03612B6B4fb90A8F1C257bFD63E,703901321369
0xF508663635D4e4B3fD63436b1513Fb0903F6674E,8438614824608
0x35a064521A341FA8F00cF47087Ec5F4e49D255b0,5338567003971
0xb6251Aa4E8cE4a6b9A2982928aD404dE67014dd3,492973694556
0xEEBd18C271891AE76bBAdBE1D2bD503cECE88B74,4044619463479
0x406478DA7658866B68e551502bbddFF9174e055a,51158976586
0xe89fA738D2D09E5076Cbeb6751Ed05FFEfff06e8,1038489498273
0xFb9d6d937e9066212e43e7c527f8De9e7d9d240A,295743965768
0x3f175A3100875a1415a66B2e5F5952A062171e5b,4741622404469
0xCa1527aFF753C70b99E82d4704d205E3E90669e7,12867613664485
0x61B497e54f6Da155F0e38FD79d65A7DaEE7a8F3d,1328746745590
0xA8Dcc4eD88Ed47b713b4F134b688ec9Eb6458E2B,3130520820006
0xA725B17b42D3b4F64Fb9Bd2435480384F5998663,245003599215
0x785f7Fe4fc97dD08a9eccB6cbD22CeDe714e5e3e,40250965058958
0xDC7B58C73Ea37109dF5428ac9f3e208a28a32315,56151079410411
0x94D9FD21328b0E07059f04671aDbeb79C10515e1,846246352138
0x332C9F2598C175aFC234bE55040c2ac83130F066,1799217387073
0x8da02D597a2616e9eC0c82B2b8366B00d69da29A,150941118968
0x1C8Db0FEf71eE68053516086364f78df5FDde691,1786518958658
0x4236bA2f721eAb563D3417FAc3cf9A282aed68C2,1994532981547
0x9A5408F42f434E21D2289Ab5564dc0748E9502b4,701583317039
0x267242c66Ce0BFC0Dcc69820268C45dB9f86BcCe,4508135894023
0x40157613C535E216C14b3579F019e73466172f9A,1567784062454
0x9f5eA6Af1Ce2e330C369B67bF31BdCcc1E9a1123,2212653896905
0xF6853c77a2452576EaE5af424975a101FfC47308,16515355392333
0x93E5E8781DCDFb5506D377E49d3e2F859Fd8Bd77,2905296747328
0x6a76ed9E5F682c084215A0235B224f2386AFe6Bb,20260373376012
0xFb4214cf3F3B0A9e82ea8bB8457758e6dE55f7F3,253032246123
0xfd20547c35c02679dbF4eDEb7C481735139801a8,2037226248602
0x963a5FD375A501f6171b39e14B589D1Fc516AF16,437905627380
0xf7c85751Ca84CEe5C2c7d70E53545B06056f38be,944975412623
0x6a18AD289c6C4bDa9BdEEB59e8CCaABc42F3194c,2003448404066
0x978B370094524b078b52C77569BE1f72d227c394,1362802323074
0xDe20739089B32de57855a8F7ffB5929d9bB9Bb24,5076729610385
0x7509753BB2997D15C46a2BB84cBc0e5f72d8d3Bf,10052929921556
0x89842811Ba756309a0F250c2357c1D6F4341F501,10052929921556
0xeaf8cc882DB4ED3A28Ab210809bdC47de27CC288,0
0xCccb71e88Ee1821723C5f8Eb7f64c10fA855FF1F,1005292992154
0x252897CE109458205e58F94d6795F942753A1FCe,1907945569811
0x8Da363ae3199A9c5F83Af4c2ccE13414001C3455,10052929921556
0x09e3F222a278E8Ce58fBAf6578F59a58f7B38dce,10052929921556
0x2e5a84e50D625aE8731bB9B5FBEd821B41Eb8d53,10052929921556
0xB40A6487Baf5CC0b1A6265D32E56D2ABB04A56fa,10052929921556
0xF70da688F9D4471258b5431d04a064e05c4437c5,7931756474969
0xb51BE1Ab623DB5eB932255EA137B56b9B21120b7,10052929921556
0x7F01611a10dFd14B425Dd61A2ed1fCc8420D9443,1667963430843
0x81F4250D73BAEcDf00cc2A19F8BEa5D81EB16299,2010585984309
0x78EEc83c9139B39Db3596Bc91a1B6437A86a2C53,1114266752503
0x90c9D85a4F6Ca85C3A8D61895D3DB135611eB774,1542468286633
0xa8A07040d9706f895331Bb23F0dC5A1af42D0B55,25714515482510
0x01aFE0eE3C24d2BF048a1CB4527a666eD7C42357,1005292992154
0xC715e70800e4dAC6202c16fF07bE3eEf97Aec4aF,1018235213135
0xe72266498bd247ceAbD7449457ff6B5aED1e6deb,504657082060
0x4aaa5aBE30cfdb6682A69FdA5067e61030c6Fd98,987064663612
0xD027e90198253931920dAF2179A54Df03555DF39,2513232480386
0xB518411AB07Bff9561b392b64E5B727e4cE37B93,5282215519154
0xbb89Fdf121Cee8Ccd9A757c3aEF1DDEF62c95EEe,3694451746170
0x57E7a843868c66cB63644665Ecd62534DED82fD3,260471414264
0xe324C2f2524c0a7288866F9D132d5b43ef038349,1048621120115
0xA01faF957E424284d084dAF112287810AfCc17f2,5011918371181
0xe1E3b9481c27887e9A078FB08A11FA93FdA4Cd4a,1005292992154
0x10C7c05Ba1C834815EA05EEcF81ea9C16fF64Ef1,21011748000000
0xbF5c44e841801235543377a90ED32916D7AEd012,2678489579489
0x522fCE750623f27184C42bC4dA17320fdC8aFf50,1502939177887
0xAdB83E479F6e5735E0Af6d24244A1B166d028221,282386801493
0x1811e5050546C25B2A6956A64bff212D91dD5A93,942179692812
0xa631b21174eE3c14fCBAcc2e74C7375B8e0AaBe9,575479973357
0xc49260bFD32f35e95d758e85300cdDB38b8400Ba,0
0xb81617e2ed07486923f32fbb127589a44A99b35D,5288369922852
0x0369cC6362d8Dce7Bfc82D3e8BAA4453F3A3ACd7,1455965840537
0x6E307250969bcEdE0F13857f1502B3A66846482A,703705094507
0xff5d8b7060dF9ff3119faC61534526232BB4554F,1251891363130
0xB52B8c7a760BF9cb094Ae8e4DAa5B57C46E25F84,32188630680268
0xF636DeB0854a84b23eb3fDd4A2DC65cB9326B7AF,808858741486
0x78195f27b64F139efa15f8990305ec9653EF1654,527376703682
0xC76b49e39459833b86781E2961e3a218Cd1f434b,412672773278
0x393Ffa7b9E98679513d42c81aF187d26509AA0Ff,2559741296354
0x53bC8B59145EFfDC12A3bBC1C5FF968634a57a76,881257117927
0xCD84964f25bB085e73ce6aA2F2f5c0EE6dAC60aC,1191950607867
0xCBE01d855eBc3c06383C3752DCE518625D695b4C,8663715040516
0x8Bc1d89cBCC9Bb8c4f53cEcAB5cb6cA7790d255C,36243318747964
0x3ce5B1013Fa38e710d76804412C97a11E558a0d4,486233108910
0x6b97407dBFcb595ce679B02DD104b263B5292a52,3690638203653
0xf662E9E0c4142eaD9A6c40F9438688C446c367e4,853616999483
0xDC8f3430e118a08bc3E945710BF372abbB3eed0d,101460724830148
0xB0780584bdCCc48D4E6DcB0804F422fdF9EE6C1D,1081156639711
0xd060e18c3dd767a05457568Ff4724D8B65a1AfB0,35295857822353
0xC77d34C8ABB1d74Fd9a7b3Bb7d6024d20E6D6228,215491092370
0xD4799F7cbCf045837b41EEE161F30997C25A046a,2476895255914
0x26aB4028fc7ed5A3d923B80Ded5b0Ac36E9a0133,50212764675589
0x3F1Ff74d0A9F657289288484fbb2Ac9898c215Ae,3044009266970
0x5384f88E97dd423719F7163b6A3E7cF3d9a37B8C,1037160048571
0xD1096178ff1c19dCEcdc2B01C98f029D33237701,5480084557973
0x25419a4a33CA6A63ca33A953cBAe74459bc75ff1,31539243119067
0x3A33fecE74C9267ebf552e3d66710A6440e8728A,24405132959951
0xf26061131DFde5f3cCD242CA9e885d2c3eEE03E2,438740056883
0x6d296EB47B737321FEd13e77255e684850468314,200799810886
0xaaf1c2498E36d02ab2BbC32F90FB8CFceD8EE63A,5021276467557
0x26cd5797f10F231D8BD05C0aCD2Ba8169ebcccEf,4001432000000
0xAFC6F4FEceE81a49987212C21229EdfbF2A8aE77,826360506562
0x92227e39d42D575649ADEd90edb7ACa2bd1De5aA,1506382940266
0x3058807445Abcd7DC2906b2f6696F0EAE79694C3,1695885914152
0xD7D0FD99e746b1E2EffC7Dcb68Ad3B630C6c1139,1004456144568
0x79cF2507732dF36C6514dcdC1cfB20ae83cF5B5D,1480986490927
0x2A6035f8d995F65A3c2A7C85Ff38CA376C228195,1066773198296
0x852724F6305088C7Acc41145F172AE413A1B9482,3816170115342
0xA8b63048202ad5f048e7993B51BcC5F473e688C1,3514893527289
0xCd916bdb50490c093f828841816A5e2ee017b2BE,121615316041
0x6f92144bD718577BF7847344376a7E91BEC232a6,10000000000000
0x2bDe2DBE0B838Ec948665eC72d348D4079bdFa21,10142978464468
0xdc3347F9c2F2c4DcFc504d24d36a8eAe2E1A3b09,1956168573548
0x85Df6D45999Df77A5FB8Fa3Fea2e38eADEaa700a,1119207375682
0x36E81DE58BbAe42BF6A4d5841a4f781A78B3F7AA,4168428727627
0xb5F98526F9be330b9d4Fb2ecE099c9B5f88094F9,2400018508942
0xA4F2E12FEff55CD4B3E8898d12B8d36F490f26ae,516990625098
0x2fce458C62EDD117CBd98FD6b6dEdf4B7296d92E,271148929245
0x56C05c566D84e398126fee7E870d7b75944E9362,50212764673
0xA4B3d1C57510e503C1C8b32f64B1b8CEFF899D73,361254731201
0xe1241c5B0D0f6dFaF398935A49B28691f8bfe399,956188622397
0x9BF2e00E7DFa8fF674Ddf175fB9F7914fC885ff2,10033313786415
0xBa2623982DB69635aE1e92eEead6A4204d7aE251,10042578041499
0x5Cc75C295eEb7C544a8bF01712177F560b88494E,100425529348
0xCCF8B0fbAD8f4F2b447dad66BaC9c89Dc233d9D3,2008510587022
0x4D73f53Ab4cf84e55F598Dfde010a7844824bbB8,1008774442331
0x71851448de644653433ed1241f1D0487E1b0fEbb,451793367187
0xa63486F87036e14988cE86e81D33145C63206183,2949497191490
0x49A618382f963439aCb89fe7daC66Cec0aA961E0,242831903127
0xfa7eE2F0d819a8624eE921Da111Aa6Bf2f4D5758,404803441076
0xeCB084AE384a661a97ef4156daF4600e1fCc3000,1935261417449
0xfeA039D115917C7DBb294A51e1262442E4479b19,1449507320460
0x9F7Cd2bdd39e7f526627F87507a3B488fAF2cad3,6281991609450
0x6C09FAf507dae86EcA2e88a36fA50EC8bdA9175e,0
0xCc9a39D725C3BB297E76027F1A9F12F69D81523A,3019622992064
0xEb093C2f5D0c4bBC1f30fAd3d06f9952F46d0fbE,513648916515
0xA3ddfff15af341528253fd6861Bbe6eF9dB73efE,3957021354576
0x4FE723bb6724D78Eb0BFBC52d800Cf5Fd63C8EE0,2447209858544
0xb98Ece8A010Daa74720281bF147bb1cE7209fcbc,25988843406342
0x30e64a4ABC74Ea02DF638e92bc6772784C3426fe,975942472069
0x297D7193982E139C8635F0791414a794778d41B9,957081741727
0x85Fd9341264eCab26D337aC9f525e1238C4bB733,51581087788
0x0Ce960a5153AF985a280593614d83887d61A8959,1347168796988
0x912dD8Ba1A471Fe347d8D40a4D6d920945A578e2,3686871489364
0x8E3F4e275a932Df5827efB5aa8B9c65674396e12,3644639356142
0x3166Bd84297C39f2539A608fD0DDbFd3A5ADDbfF,0
0x2c3850dD2dB8EAcEb018e8d90a7372B70a3344F7,1466131850378
0x1D25a2e828c99F3f7437fa98F10e6467b2e82133,2911073469574
0x247D7Ea6A921bf4bD6a9136bb12B022d6348c5fb,27294109220128
0xa1e7C9c8cFE8c9b4749c47eAA5fF730fb7957305,465298230412
0x1c79e8365E98471C6aec28072Cd9eae8C4c89E59,469802734626
0x0D9E66F7B4D9575CA5Bd0fd4F76DC54c281A7D82,1124216906221
0x8Dd867135e5b57C22F6c482795fc0b89F0a2A6d2,6950541980454
0x4CD295892065f42E713d0bC533e619D29c1f0379,1418868665961
0x4bAbfaD28B92C9dDE23E7D0b03f357F1F45F7012,501615168620
0x8C8E99160e4E2f354b1747Af9f40Af1a342e8888,24077528093811
0xF274E0137752af99e2b34257585D6228e9Af96f7,0
0x7d5c889EB449490ACAc274b339eCA1fC29e2Fb9d,905613494439
0x22cC3d24b0A28bca188458f2Ca8725FFdA30dd3f,100323033724
0xC8614d159338643fc49d451fA71a687c7deE7870,1137764528696
0x052c20838E418Ac6ef4396dd8a232CFD9Ad4d753,4224602950126
0x34956Cadc070B391e7ADc3cE257d35f7715c5046,4631698203313
0xA6D4b8F02f3d1C386C4976459C74E2B68c97C3A9,191094612807
0x42F8c8f2C614c44C359cD08d6bc6265172399265,3351248353010
0x3CbB6166ac506dbBaE6F14A28911561592e722c2,3539300000000
0x81312Ad57EF129a6Cc8C3Ffc16816f7B512e0636,173870873850
0xE08F6374dAa80E45c28e17c1ab806d60cbeB4686,2414450123174
0x5A57319440F2582E05F58d8AE32f50AB5a1A87B4,10012032083509
0x8cb3d7BE88f28D12d089F38e0dd5AB725a9f60a4,2115184777666
0x4984c18b3F6F0c9e89D3f43684b2D9C697d385f4,0
0xCb1e921937051FB3cB8da2D03Ca73B3b6F9d5d89,1750477842507
0x4efdC3d2AbE22732445D39616D0a26bde525D7f5,4042992642030
0x3faFb6815eD498d7eD09eaDa99BbCa1c3207e477,5511756807977
0x200fAE34daBCD98C408D9Fb6E2AF9033C68a9D55,2626982082972
0x8504DE3A10fE6aa1b6217de041e669A29FeC1b79,3086984667507
0xBAE4369ca9EEF304682d0e3fb6221dD5405deCeb,935143700655
0xA9d5dA33D57b19bF0D80576DCcCd8f803C3Af671,647272659676
0xdc3b4FdE4d6Fbe2a49BbA6BFBA49719725f7fdCf,583388391858
0x5180257CcE8AB826124330E4c5280185533EE91F,50106880072529
0xc2046C4bfbD99d40DcE9485d174DfCe710c5949e,10492318554656
0xEEc413088674f1178d96F8B26EC16579e5BcF77d,10284350951052
0xf5c9eE7C1Afdb964f3704A39fFB3Ac617C88F702,10601044471587
0x39EffBd120Aef36aFf9e242d1DD88564D815AeCC,254719326985
0x974D19f69485537a851e7fa2b33CfaF9D3C0A232,3291019883162
0x78D9F34d27b9281d19aFEa39D25f721daC11A97F,386594622511
0x7E8c8521c97fAC3D21824356ffC45DF9B8d440C0,6728622433291
0x9543e6BC80768Fb257d9D3A6785CEd8ee80C921D,504776709850
0x863cd7e3268ee72656D9CCdDC80Ed446a7837C69,1107261835841
0x6733A55a16aeD0d0565B977DF59Ba2F1F9C3aBF8,2004303262753
0xBFD775E5a92BF25B40549B43E49F91F334f6247d,5010688007252
0x450837DCE9FCC4AB09414Eb63818397d3156c7F4,30889288144551
0xC8E955ce48bddeD94D85BF3A6F1eC41f8bbb441C,15755535216098
0xc756bB712A6442e2820cBF568ABDC3fF8749bad1,7800000000000
0x3295188584eB1472C414Fcc8c98A03dd45e471a7,525690319455
0xcbe93A4DED855D4c10A2bDc4661d2845E1830Fd6,4001118553349
0x2799Aa9a16592847Fe8314fd6072A516402557ea,2017947268410
0x6bf9dFEd93d890125A85C4a9E2C2710292618724,2893979577677
0xfce8c03AC931B7018E7C3A4E30EeCD1a28868a3F,512593383141
0xc8CBf77EA15b27c85746D51F1332c7Fa932072e9,1061135446323
0x23B1C76353861BAC9bc6E58dDf495aFd0fD62Ec2,1011645883012
0xFC193D6d9C2B613b4553AC085d697E60C2fdC5eF,5627002632144
0x3eDCb1Fe24B0c7E32e585D73509CDE339F7806e8,0
0x7fAE706520b87BF90ecE5496466d536231942d20,7014963210153
0xA503ACb0B97a1671fe3Bf8A6e89Db860EEc6bA05,11482943599340
0xC16DF576140538406219CE11a1Ada876914F8beC,1155042754542
0x2cb58b2657Bca37A09327A514DEcA55af7554e99,277317529898
0x1d01e63c91559812C87553678D7f009343bbCD03,992815717481
0x64B2b05C5C61a39492Ec1E80357dFF614Eaff534,54852001614
0x161F6bcDff861fcC3E77c7835A87305677F88599,1554174938411
0x9De8AdB1bDDe698883F7412C7487e47EAB8bF66C,248236498841
0x8Fc3795A4A8448e23ab4e388C7eF2c529b6D9726,1466828807242
0x58aa247c070e00a08aa89608fE4BCFCf8F023F87,198837127916
0x010fEEdF72BeAF603203530ED87634608532b974,140299264202
0x0d0b4d7Fd2225b701a58DcE8d55d2529f58CF043,2990076959309
0x18C047386F2a3444301C351c24Aff9E5171C23CC,7475205927133
0x38EadC7cb08139F19b126EC40F8709a205DcAe7a,20216744297968
0x8277b8A2474eB401d2AE1E2aD122FA8C143Ae75B,1718526689360
0xdAB2492bbD5985e4eB909f9B0c83eB8D0D8D9595,0
0xE35e7e2D6E7dD3dBcC5B9e36242FCe670B3d23C2,1528382043690
0x881b80890284064E6c721459Ac174398c4E6F687,2662647638382
0xd4B30D0BC713BBcbaA3d6DA6d248c411b828Cb2E,6410448755519
0x5e58B47Bac7063d0641f66e62A4493B944211d50,0
0x89e91D51D8F5bc1A2355835e0C5E2F26C5F45AA2,532079948802
0x2e6186Afeb30f163300B004c222CFB3817446e55,200427520289
0x1c5b590C1c3969587c9CeAC166042197bBF372F2,688695015293
0x5f70AD635d370bBFC2549e35cEE18c09f6f16A81,688695015293
0xCB5aA51CdAAc8b0016F18Ca221F7c8430ca7dDB9,42000000000000
0x7231F78Db64aacD17B8F90317f94d611F67D89a7,50096858696514
0x2c9D2f6383d2e949252A25Ac08a84498DDd14e70,50096858696514
0xC3D9Bb9CdAa918A80833898165ED256dFd76f480,50096858696514
0xD0914e388C76aBB705627D6D1119b3993F45e072,100213760145059
0x27f6a0cEA0a7b884e62eCbf22b2E15c7D7A8f293,24478946617755
0xA842B1bd65c1F70cb5d4d3FC9937884b41BF8FB5,322650700000000
0xF4DBFa9B4bFA90dE30fA22efa301042f6128593a,100218971260586
0x5d8d5184B35F0569B79d7E169be0aeee21A3C078,32627059884411
0x115cf9A64d589A54f4a3631E95aAbF55Ab48BC79,1039188632850
0xFC6d90663C1c024c623dC444A7cA364D73d66F80,820986197923
0xA6C3997cC5A1DbFe6E72074424c2C0088286C71e,30766967228918
0xde47D710219988e60DFfCfc0ecc1aa7C0106d2b2,7118850806745
0x89330d3C478Ae5Eb29364b9C452Bdcc5A075a82f,38839443157966
0x1CA0B81064927C84813938a59dd49F0BD71775aA,739895227490
0xD6DB1d28c4160C9AB1FCC7D140a187D022c12011,3677844997323
0x986BD3a5A6d86E8BAC9617c845f2e756f33EC065,250534400361
0xA41712B4f2cF4429E2F6e2E4e3c5e9C9A025Fb07,2237973691558
0xB50A2cb3C1DeeaF885a2608a54adD0a4C4EFF87B,11745553757801
0xe25433Abd15831036f602B659a2f84dd6EA2d305,20120117051843
0x6f3aD112E6Dd01D8f61F3E3951459F8D46FF5097,1082308609566
0xcb9649e80D15f3aa2993a691a73c7ED29e47DF63,673837323214
0xfAca70452A4e50331bb718c472c6905876e2b058,2611470375619
0x5f32399834cB958335818952A7A2fb00A0bca821,42675027620171
0x6635eCB26290fc4BbA9517314d32BA8E0758aAE1,2309508277825
0xf9DBEeD663e4fe21D01f0a69E6A5531F7E26f2c6,3698006001589
0xaeb4f8FbFB95AbD391E0601E8273C0BB5191e5A8,200427520289
0x920f52ae45e4A4c9dfd9feFd084ac3A2DDf2EDdD,82111927733038
0xFE64d9797B59300f690Dfdf744aFf783f97E9B45,0
0x00Aee4E1698Fe0829F4663CBef571c948160B858,3013826242433
0x57057310C205Ea138cE1cD9FAE004c25632acc16,73408533694472
0x6f74505c32C801D047d2d8EAb2aCf80E299f7Fb4,1443143899822
0x4090CF3F6E39DABac71c0092394084dB4F183599,2920098971409
0x85F3D3ec5d3d546d6c37A6B55804252e8e5bd278,0
0x2388F201A1A35C031C9744B4a08cA8E9CbdE8e60,118204457133
0x9a6a5fd3593fb90aa183ecFD27b9078BadF0ADF3,2024577927807
0x54A45eDA6d90B913d46371fe11531457a6307B8b,3294978023377
0x2eEe40B5BF17804Fb76E241Bc7C440B46a8130d2,1001070962695
0xbE4A2639f75f63aAcAF4c5c0Adb848d3029AF395,2591772722419
0xfAcABD7e97410c71c687113451aEDc111CB09168,3965516376681
0x8a3F8c06448276E476771DBB4f58144b935Ee0d9,303525716960
0x1cc87f4eD10Eb762A467B807a0ED9B22Ea9ecD72,619763033004
0x7FCcB70F997973366C9Ef74308FF3B27dA94B196,1143668515976
0xfC6a29992CdDb72C4441b264146eC9228208dC56,18379375567726
0xFe1A3F22Bc98bC61C8CC023e46703E64f2081cA0,4021283036800
0x5449A63Bcc650Ea72e78f4dBd0001BD372bb00A2,1996438898255
0xE48a51930BB68a81F53D1F22FDEd4eC3A10d76C9,5028179231427
0xC968C16C7777d24260EDbbE63AD3C24Ffca263Dd,691539821030
0x91F493e5259f81d6BAB2f95929b039222Afe3fCE,6902268163554
0xdE4d7089A6Ae85A1dDc8b3c222123e4DEEB562Bc,1203568598100
0x5E5fadAb9b1FAcF503eCF1c7C2fe2915D622c39b,20522655484934
0xe248336df42932AcC5F548542c4557a84767A7Ee,887532497319
0x49b9E6118f5a29909a4c7F7FcEe1AaAFA87919BB,13639746031656
0x7e12ffA88EdB6c3faA29ed3ffB04A5E30da5d0A5,4962898392879
0x5DD8782CAE94500Fa39eAE6DB635715f17680098,270866777873
0xC676b364A1b1509FcA31DDFb1E4F37Ae10fFaf17,450481933213
0x14EbF2cA6342baDD9d4262B8B980f9487AdD12b5,2156742319515
0xEa9b659c8D71D901B88FAe18C6CCc0CA698d714c,6251688162034
0x432e962E06a8194E13e793b40412441039eA89bf,3540059215393
0x0b44Cd08C8b0E5b3017Eb41A90952AfdB53c34c6,750803222021
0xe4Bd7164B90a483267752A43399C152cA3979Aa1,11282064744225
0x90F8b20A367EeB0f2709df59886eA3bF0e9E98E8,7599915518528
0x69A3e2950bA7cd109891261b1B4FC59138A16Ab4,2086331993354
0x24A89b2F9A19D771B3681CF3A4E82ac435555042,2424493764552
0x07Db481f37996c9eaD7469d4BE653D93B30112B7,1116670633183
0x526f3E5c06C8924fF228cDa3E1D2a24EF75195c5,60064257761
0x67f4d76d708Fa5fAfA80a41F30692923D03EFB6d,1091767991915
0x9890F6fa7253814F90bCa47b9a709661F0c45CCB,1401499347773
0x18D6aD70A534DF2BD91ef131A06555d73dBEF656,108617200523
0x218245dEF01C1ed676B0eF06bc9C7a0270f3Eacd,40042838507826
0xd0F65A28cd82b0f3e3918D5777F5641965d88899,700749673886
0xfaFd96786465306004A2dFF93E610D4a73339b54,994063465956
0x873D159218C8Cb9678B7B3cAe77f1587063C7A75,50053548134
0xaBaafc4BF9f073632CC543F18fAA378A961ecf38,10010709626956
0xf4f6ECC5d5E34389ae180bB554043cd4cBea4253,0
0x2A3eC8F9C7A665946Cf387968808Fa3C2b622C21,53464251963590
0x3EBF1d52fC1755889a5B5f004381B912fa30643c,9437049916067
0xbeBbC189cf070a4916FdAAD269C1177495E0e07E,1387787678797
0xB93A855d912E18EDdef4E8064de68606a16F0f0a,21540444332707
0x184a3674A194893a816AcCFDc0554aF2aFd1d373,151956332637
0x9875b40c149F080B03bf12896C91Abfd6436108f,261780056744
0xa772316BBc8e51434a0dC74BebcCB140439bA0dC,61975724681471
0x91680884361CdDB887D3B99cb5E3434EE5d84d7e,1865703961743
0xDB5E1a35d5ED3ff7e9BD14aAA2D58a016fd1d432,10241727000000
0x5F815F1c572113438b54eB21d7f61Ce323E50B09,4690000000000
0x15a90bfF905908AceFb858681d1Be35C60C2FE04,528270000000
0xFa84d585aDAb5903CC07F423F7407dbF53CB9e7a,76256000000
0x39638B23C405F4a89787e0214FC244BB3F1e335C,378900000000
0xA2e868DC2d81bFDD2818346847E678468166A54c,17294267000000
0x0b6d2C8924595e46Fdc72E63292e8BA6137C855E,206758000000
0xEE54c836c7b2D5eE0c764360f8471395CfbE56c8,5000000000000
0x4c763EB3dCb3A3C9255bdd15b4C0DA551Cb99F84,2164320000000
0x58845FB9A42f58eEB78217AC4104Cd0d01f94429,8566712000000
0xb9686c59a188720cb33b8b401B0ffE428a1bC349,261700000000
0x35a60320a18fF6a8F5bD23876485DCe74029228a,6018728000000
0x87bE665941bbB22FBE29780794d1a74565729933,1006148000000
0x33C533D80F0490E24C01AFEf25C0a057c74AfD87,1433859000000
0xC5E0540e18dFCe23DdfBb7BfD58c35C596A93950,367500000000
0xffA7Dd4eB1d91CA18F4869e7C82d30c1478dDE37,1488200000000
0x088426a91282747ecFfb57E616cB9Cb56a2Cc776,10014300000000
0xF51B03b5EC8c16EcC581bc65C09ceb2C6774d56D,190771000000
0x86477d63EA05E18437D97C017E9CEeA6E8bF603c,1012800000000
0xe92E4534d646BFfb01D55FCf5A7CF248F3e2Bc55,2680125000000
0x5bC2852fEB943B4A43Fa87b275f44B45C4Ca527f,1370231000000
0x38318f24010390C1e2BD8B78cfd9fFF02555B775,1198479000000
0xB77afeb1C5779F4855f3Aa34e4339aeBA942a75F,459958000000
0xd319658508D7B08b232489f3cbbF4766A9f17FEf,3000000000000
0x351549cDf74daA0371399D5c9cF837d5Ea49e297,17528800000000
0xc1794A08376010B87c121b38244BE69D060C7CD6,0
0xA2faFCC760d2c2abE058F8d7B647B9F186DC3488,25000000000000
0x4A994f53d52E2Ae6049307e1D6eF497A608B5237,25000000000000
0x9e3D783717582F9943CFC1A0b13acb989991Cc76,25000000000000
0x4164a8902e29feA182be6eF13d49F93e12ab291C,25000000000000
0x2794d1c8AEb8B6cd23ea9b0273572a438f9cd05a,2559200000000
0xdFc16122DBB261A54F8720226016CCA733575A2e,7900000000000
0x747c1D10cCaF606b56aB58eec8b899eE098f65AF,357497000000
0x56Af52A9611AfDA072A73aFd0e1FF4c4e35eE94a,9994500000000
0x2650DF0E50E61327381466B5526406d0D4994CC2,0
0x725CFA5417490e75D985fCea2068aB770Fd72284,321300000000
0x0Dc961fA89990F75bE041f4453BCdFA38102c3b7,2213140000000
0x5E0a56F4aAE32b73091e8A24197c47c88db705E7,900063000000
0xf835E98dA74566d501Cf10E4411Ec75c4bC5E390,3346428000000
0x95f6da4d5a45ee038501f724F6F0E2ADE76CF697,120000000000
0x85459F40C4Ca657071F09D7347f96df29FfF368F,1800000000000
0x4f5AD85751C56f2e54Bd393D85C180cf8b9cEA83,50000000000
0x41df54b2750b2720C4e585795cbA98a94D0D8f55,3251928000000
0x231fd66Fc309DAD9B51737984164E37AC18d56DA,313400000000
0x93b7FF87f3286c79247586987fD9D273CE09e007,0
0xCD79067343b85D47682e8AedA04ce5c57414C906,15846955000000
0xEf390Adc6A17Ae251192EF06cc86aDA3A368B76a,3718300000000
0x4316635A8C9c98C296c4E7f4C0c7eEA7772a1a2c,667288000000
0xe0cb0C9489eD98c52641c147C28D662C26b7D9f4,54000000000
0xC513d5D2F03Ff56A2622a3ba08fd1dF89925fC03,2695300000000
0xb457f08B38c684736325BCEdd23D69CAD06af169,500000000000
0xB8D518F0690742dA668b2094519fa3F6d6d05338,587603000000
0x91d95dAb36e4c71B13394153C98087279dAD9F3f,0
0xd7C77f4b537Af14399AfA41ee77EA4e7601492f2,1116114000000
0xA2657ee68b9CaDa3fBa4F3C23A9A3548C90F3d1F,10005100000000
0x6C29BA317104aC3F90AEf478Cd00Ff6acde5A255,93071000000
0x1305bB07a19a1aAFAE4F882aC3F2665BECD1472a,7900000000000
0xbFb173998b781602503d7d84c99B4fde4107DBe0,800000000000
0x6348F5DcE19fBAa1a9F5A85d4425F75b79Dd2aaF,50000000000
0x2e78255B2906CbE1F1c8c0314AE566953C019d03,10268569000000
0x3474137a92C6b38B6731c84D477EE9d8B8632da3,8075322000000
0xFf8dD8f508d2e5a193C69d7408810AA337fe084b,1788664000000
0x50a4cEF2bf1f1EB1E693DB5E2924b54051B390cE,323753000000
0x696b1ad89E3ABe91626FB764D7205E6ff51f0F5F,10011200000000
0xc0ff2317fbD72E17DE81e3FEe8d12b137A644b96,260658000000
0x75E8769dCD0B2E1747d36693e02A85e817C1B47b,26641043000000
0xa9902F53813bFa00b22937913a1DD7c4867D4166,0
0x88aAF1e235b01F00a2D7EB636FfCcF253b1901Fd,0
0x4356D28Ac62A3D8f9b6912A403f1F6429C9266A1,3860857000000
0x1ecB00E584b91500592D558129D0F4d307147605,9000000000000
0xA57D2E003CBadFaC6d6AbE8aeE6FF4b932166495,607400000000
0xbfD96Ca7fb73B17bE602E526aE9D5C6567FeAa1e,1750485000000
0xcc764dc76890DFF4511E80C6d569c4322467a9e5,3675000000000
0x85a402D433CF3593F64b74aAfFFA7da023c4D5C6,4710705000000
0xaC3Dbe407e0ece815993153BBf77C6596fc5345a,2705849000000
0x47d3e24358f1aa60d20C7a9583FDc6c50B96Add9,10496051000000
0x32db22412bD737F371312b5d218526d92b1eD8A9,18907071000000
0x6f5B1B947924C537a9cb5aA5706BFfF35D440105,162500000000
0xF7a5691dae2c0Cd699be98A2Fce6Ab15e4dDf4EE,9993400000000
0x6970fbbf39a78e72ded6D87781887e12B18322B0,1000000000000
0xAc77ABfe5986DB857FeC62a7B689F6681F6F50B9,100050000000
0xC9AE03Fd4aB5F8ad07435807868cE9dD96dF315C,2984500000000
0xedf289eD24b772aD2361F14A85B1fb95bA60C540,130600000000
0xd8a9b358BD194AC81A004450b041E4DfF341d1f6,11164650000000
0xF8B152508319767F0613331eF15557fE120f6c7c,966000000000
0xcE5A99ec7f43cD77eeCBdC090bE14Ddfbf4cf735,224303000000
0xf646d6Aab948baD288bce6924A7B88cAcBE7C5a5,280500000000
0xE5103d8e0D5D43CFA09fe8E41AF51637e18D0798,1888296000000
0x53deA4e97bf2E587af5F0Ce04b3548cBb420ab12,432042000000
0x570a84DB9Aacde08c94df73ca9484Ab5af268828,496000000000
0xd2D278cD20E81187e67d92E641E3Ae7b07F2bB05,223689000000
0xE781605cDbe090e06D8c3B515a4311FC9B392FcB,1933300000000
0x4363688644fB10cEbf6AE0ED6Bf9C8E227a7e522,2323015000000
0x68Fb35511C653c5b4Eb86ea273aC767f7C005ceA,1311600000000
0x6A9D63cBb02B6A7D5d09ce11D0a4b981Bb1A221d,102134000000
0xD306F7c24fa101Da762D6e113dC49bb6613a9A61,403766000000
0x0FDcba55fab6911BE31416914a3Fa1672d95C409,222200000000
0x6314Ec8d6bCB8cE2344eB462610ac21692a81f79,479224000000
0xe459AE0DC31194fA0fd626020A25d9A1CeF0047D,168300000000
0xB947A518B056586077504097290fc0518769E180,443858000000
0x31100Aae76845dE42DAED88f78f3Da81D8BF6Ce8,14701974000000
0xF0b95bC02C2E391f92A89A7657814453e4F9d76e,837048000000
0x80cFfdCA4d7E05Eb25e703A183E98C7a4094EeC0,500000000000
0x6e425198922738b2eE408278FC6Ce48F748eEB80,110185000000
0xCF8A34c4137b4682f041f235Ce55AE4714085E04,2481789000000
0x3d95D4A6DbaE0Cd0643a82b13A13b08921D6ADf7,100000000000
0x1f7EA43d283d0Ef906ee92dDEAd883a8F078CBc9,20000000000000
0xCE90A2C68288c5afDb4Af64c4d2C684EDe72560c,585450000000
0xa7f03D96396E5628FD570fcF5B57AAfd9ddba1A1,566522000000
0x8e9226cc462d2347f5f3B133Eb42CaF3b6f9DBd0,227700000000
0x6b99e90eaAE277d9b3Fe510A8C05225BD48d278c,100300000000
0x99a0a946C2f96e7d2ad7A04116e87F72158554bD,108786000000
0x69a82996d9eA9BEe7d0c0aD04f9E2C1e8E059015,276300000000
0xC8eeA5CeF3971CD1f3834247C726D865F09EfB1E,101300000000
0x0Bc1f13758ca0f1a166bd1d5B8CAf06d20378d25,120000000000
0x60610d09561301152Ea4b4Ed1aAf4c4097346AD6,1000000000000
0x5E8BdeB930c90A8e848221b25aa3BA29073AfC25,478400000000
0x053390B16F2322c28F59fF36d5bde12AC3C4F891,2900000000000
0x1387a7FAB81CAC5dB9E8b7C59024a47D1724b335,400000000000
0xa08CeC3591f883a471a4e8C70A007484d3e5a331,2160000000000
0xb6405137bb91E6935D1Dc5e995f1c3C0929E90F2,332569000000
0x24AD853cf84E011b2BF15bc76670Da521b7AcEe4,7023400000000
0x3e974A4F129E3D128f5e0eae261b849AAf2D5829,239300000000
0x92334DB0A99d088ec9E0F5a8fD0F2c4A4D3faBED,246066000000
0x350F815BE39d9e9f7e7F0A09f6f604F3cB2Fee29,441633000000
0xDb8C6365D32027B234408ad58928a66D726fd80f,140000000000
0x09CE76119D3c8c9577B2d357D92e9390B7a62082,100000000000
0x96fF2c13e18677fe9c0DB4232b832365279c3C37,633400000000
0x37A9F4c885d268bC5bd6E4de6CbbD3193EcE05A3,180359000000
0xb04a0a91f21e501FB533864c492Ae944C2D4ad48,341900000000
0xd98239c5941C1379287eaf4737452Dc105dE2A3A,12290000000000
0xAEEDFd2d1d4Ed180957e522910dED6513bcafF8F,1470000000000
0xae423CD8065D0500b0365f03b33864c588E5DA7D,350444000000
0xc1AaD266e37BEcB92eE77F0E282b26c71ee072d6,2995000000000
0xA8FBA129f7b1ee2E7bC77af826025b873e122FA5,1000000000000
0xF740C1D5B28b35adDFAA61Ea4EE4980ddA508D5d,1915365000000
0xA3dbbd8416AC047735B5764b601CB922559bf20D,94505000000
0x8A4188Ac304bd057D9D9303191eC040CD829A2d3,180800000000
0x62B54f6F387030734dC1e4fce3844BC6CEF96eD7,173312000000
0x50531e884358122eD296824e792DBe5Bb56482F7,262304000000
0x039b295B182506E0d30f86F571c6a867BE6e4045,400000000000
0x1f62977EA1b7B6a2439c71e062fE95d6493bC1ca,845000000000
0x33B3917F3be11f5Ce7Cbf2e33111c334E0Bfa467,3454734000000
0xC0D38CA41e038d40281cBD506c8728ffb885325d,106000000000
0x59D7Ff7C122A4F4073317683EFca0bd5CEf2E22b,1667000000000
0x26f24D5f9cA03663c2AAF88b00145fE5aCcea327,112000000000
0x1a6955d61fa53AB9305178cfE2105931f5a0F5B1,0
0x2A9cEF646bb5AaC290Cf7ed54f52e6fd30E87fF6,1000000000000
0xA3435dB20a2167D7d7a5a6d42D576f4DDda9EFac,585047000000
0x2Ea389e99214d796965Dd8315a558Dd92391B85A,972581000000
0x932893aAD3D0ed349d07345dC03A55Ebdd828d6e,331500000000
0xA78DF1ed10F50B997f600Ad3d26301a07c2281a6,130000000000
0x89A4d30e932ABb9758c82A5cE3886917578AA578,10339497000000
0xF7dCebAfdA7dd7c1e106EFDD49686be289e26898,218195000000
0x63832F13Da6cfCA592Ec42167b7607CA1bb6d049,4935800000000
0xe5D0f47903930eC8b1F87169e186F44B92a059F7,105100000000
0x01cF90B0A87877E9016791997750B871CAB70fF3,4570255000000
0xBc1F5591c43049a79758551D07bA5cd4BD5DF9cF,4060128000000
0x093A17d646F3eABcE54e4BD8673Dea17A545b698,101100000000
0x2e3AEEF4a6Cc23A1DB3F80F2098e04502809Cd24,103300000000
0x5f85A4983f54Baeb6b9d0C6745FAAdaE862b7BD2,116100000000
0x7f6ed9AaE067a304b816e78bB8D56B21cE92c051,200800000000
0xf7659Ad41F4418d7459846B06a4F5f038F8a0460,226728000000
0x834f585526Dbbf96885B49165978a36300986902,452877000000
0x37B0fA83D862266BfB99b744B0e30C9E2a961356,503653000000
0xbE22aC2dC6fEd5bEc1b57db9dA4942e57eD807cA,1533800000000
0xF11D96e7D15417259007b76a5fBAaAd2D21fE43e,220559000000
0xf823336897eF21a235de4aCaD900036555b12FEe,100720000000
0x6f69Ec818E56FF7d933359BD1FE3CeB5B10e2954,1961373000000
0x9518564bA27510ed24032cA5E8C0F9FbDf6a2e94,356000000000
0x7477070ef91b6e0C53f03ffa89Ff723991814831,1000000000000
0x0de87d1674Abd55F08a97Fac9701544deFa164f9,106398000000
0x364f5CCFE81435393a5b9749da3BEf41DEbaC707,3875735000000
0x2548DB4ff0a8524F932F03395ED3bdE8d5a1e49e,895900000000
0x87aba2141AA7f625e71c548295e4DBcBBCf0aA14,0
0x558447382888d55815005fA018b9BF93eFAdB0cC,50562651000000
0x5Bd3530393b126327e4e80b32be8D5913A8bA875,4085984000000
0x7683cb81936382a6d15C0815953e799c3D2bE91c,10060517000000
0x4262d2e455E9c563ad0E5fB12A08dA7c2fc9Eaf1,20000000000000
0x9eD97E6798840BcBB3Ba535E0b25A0F039705971,111383000000
0x2807e2256a2d1AF92F2435286D6ab4Aab6A93741,423891000000
0xd95bbEaF9fFF5cABd34bc39DC024E0D1faDfe810,931808000000
0xC0B9Bf04E25674026B46e6bCf93A60a675C08F1C,338727000000
0xeA2Bf14dAA8b854718c47e4984637b4D7D3A9c86,546400000000
0xA1Dc436A8511c6B99372aD1CAaAD0e5A1cFE7C34,639150000000
0x9D81D5697e386132DE9CA8663744B2Ed79509190,2793000000000
0x33F20F5D13F8391d0e723Dde51937d1eDbf31BB9,491200000000
0x88Ba1d60917804C5C23cb202230897F6d0069595,143644000000
0x6DBF405dfE97F21a6673b72eC8e4789e36c37B2b,10007400000000
0x78753ABB37D3ea570DD8FF3B604f8bFb3853b5aF,5499132000000
0xC35AD85e7DBcb5E343458216cC76a4E028e795C1,1000000000000
0x77CA4bf0B7Dc8F2C6Fdc431DBd9C90313DCD7C90,5600000000000
0x08a69Ce310a5789701BB80e003851990877F33d9,0
0xbEF16D4eCB0a66e50b2A13f439c8bC8fBBD9bf19,645600000000
0xeEB771b07002AFB86B81BD90fF238B19fAf5e1B2,200000000000
0x86c78D912995799c853FD3F15B432b4D255c3d06,132746000000
0x50A9a93f2515195184A1642a0615E2Be99d1bd31,1185811000000
0xA7d53F5e8DB66a8D67Ee1051D2F239D41D283dab,7900000000000
0x08dbAA8eb71fA528FEEA1688b4D3517a3A448f0b,1000000000000
0x47Ad45Da466e0885b251491090702e4EE46EE73D,1540153000000
0xc372A93d067480808F267f173D0fa30F8fa32A18,100000000000
0xF0e5094e51CDD81eBD68dD3F19AA580E2396A94D,9499500000000
0x9561Eba72b5953EDf9d7a10b1b7385260D4C79bb,5038200000000
0x59d68b0488D441BB26aed5e3000c6cf45B6F5A27,5080286000000
0x60414Ffc9311C258B047Ed100B5D2B14a698528E,71000000000000
0x37e92a96EF9C0A203a1E21A35C01E16E75dcC205,4016800000000
0x0e834E9bd97A93B5497e77984c5f70085b3F6D90,236000000000
0x22E80Fe5E6130E337a0f39dE58b6c921376B0Fde,544900000000
